CPRO,CGEN,CRAC,CJOB,CQUI,TEIN,TAIN,TSII,TOIN,FEDU,FVTP,FCRA,FTAP,LHO1,LHO2,LHO3,LHO4,LCRE,LSAV,LWDA,PPO1,PPO2,PPO3,PPO4,PPO5,ARO1,ARO2,ARO3,ARO4,ARO5
1,1,2,1,3,37,25,7,5,1,1,1,1,,1,,,,5,240,5,2,3,1,3,3,1,1,3,1
1,1,2,1,5,25,22,0,3,0,1,2,1,1,,,,15,,350,2,5,3,1,1,1,1,1,3,1
1,2,2,3,3,33,25,0,8,1,1,1,2,,,,1,,30,260,5,5,1,1,1,1,1,1,,1
1,1,2,1,3,35,30,5,0,1,1,1,,1,,,,,,300,,,,,,,,,,
1,2,2,1,3,36,28,0,8,0,1,1,2,,1,,,,,360,5,5,1,1,1,1,1,1,2,1
1,2,2,,4,21,17,0,4,0,1,1,2,,1,,,,2,360,2,4,3,1,1,1,1,1,2,1
1,1,2,3,1,35,25,0,10,3,2,1,2,,,1,,,70,260,5,2,3,2,3,2,1,3,3,3
1,1,2,1,3,36,28,0,8,0,1,1,2,,1,,,,,260,5,2,3,2,3,2,1,3,3,3
1,1,2,3,3,38,26,12,0,2,2,1,2,,1,,,,25,300,4,3,3,2,3,2,1,2,3,3
1,1,2,1,3,30,22,2,6,0,1,1,2,,1,,,,10,300,5,1,3,2,3,2,2,3,3,3
1,1,2,1,3,58,40,0,18,0,1,1,2,,1,,,,15,270,4,1,3,2,3,2,1,3,3,3
1,2,1,1,3,24,24,0,0,0,1,1,,,1,,,,,,,,,,,,,,,
1,2,1,2,2,32,23,0,9,0,1,1,,,,1,,,,,,,,,,,,,,
1,2,2,1,3,11,11,0,0,0,1,1,2,,1,,,,16,200,,,1,3,1,,2,1,3,1
1,2,2,,5,22,20,0,2,0,1,1,,1,,,,,,,,,,,,,,,,
1,2,2,2,1,95,30,50,15,2,2,1,2,,,1,,,20,200,,,1,,,,,1,,
1,1,1,1,2,47,30,17,0,1,1,1,,,,1,,,,,,,,,,,,,,
1,1,1,1,2,38,28,10,0,2,2,1,2,,,1,,,,,,,1,,,,,,,
1,1,1,1,2,38,26,12,0,2,2,1,,,,1,,,,,,,,,,,,,,
1,1,1,1,2,33,18,15,0,2,2,1,,,,1,,,15,200,,,1,1,2,2,1,1,1,1
1,1,1,1,2,44,28,0,16,2,2,1,2,,,1,,,10,200,,,,1,1,,,,,
1,1,1,1,2,25,19,0,6,2,2,1,2,,,1,,,15,270,,,1,1,1,2,2,1,1,1
1,1,2,1,2,38,23,0,15,0,1,1,2,,,1,,,,,3,,1,,,,,,,
1,2,1,1,3,29,23,6,0,0,1,1,,,1,,,,,,,,,,,,,,,
1,1,1,1,1,47,27,20,0,3,2,1,2,,,,1,,,180,3,5,4,1,1,1,1,1,1,2
1,1,1,1,2,37,19,18,0,2,2,1,2,,,1,,,,,3,1,4,1,3,2,1,1,1,3
1,1,1,1,2,38,23,7,8,1,1,1,2,,,,1,,1,300,2,,2,1,2,1,2,1,1,1
1,1,1,1,3,24,24,0,0,0,1,1,,,1,,,,,300,,,2,1,1,2,1,1,1,1
1,2,1,1,4,10,10,0,0,0,1,1,2,,1,,,,,300,,,3,1,1,2,1,1,1,1
1,1,1,,3,33,33,0,0,1,1,1,,,1,,,,,300,,,3,,,,,1,,
1,1,1,1,3,19,19,0,0,0,1,1,2,,,1,,,,300,3,,2,1,1,2,1,1,1,1
1,1,1,1,3,57,32,0,25,1,1,1,2,,1,,,,10,300,2,1,3,2,1,1,1,1,1,3
1,1,1,1,2,90,35,20,35,2,2,2,1,,,1,,22,14,300,3,3,5,1,2,1,1,1,1,1
1,1,1,1,3,32,32,0,0,1,1,1,2,,,1,,,1,300,3,,2,2,1,2,1,1,1,3
1,1,1,1,2,35,35,0,0,2,2,1,,,,,1,,,300,,,5,2,2,2,,,1,1
1,1,1,1,3,34,25,0,9,1,1,1,1,,,1,,,,360,,,4,1,,,,1,1,1
1,1,1,1,3,30,27,3,0,1,1,1,,,1,,,,,,,,,1,,2,1,1,,2
1,1,1,1,3,28,28,0,0,1,1,1,2,,,,,,,320,,,2,,,,,,,
1,2,1,1,3,20,20,0,0,1,1,1,,,1,,,,,300,,,,,,2,,1,,
1,1,2,1,3,56,20,14,22,0,1,1,2,,1,,,,,320,,,3,,,,,1,1,
1,1,1,1,2,35,35,0,0,2,2,2,2,,,,1,5,,300,,,3,1,2,1,1,1,2,2
1,1,1,1,3,48,32,4,12,0,1,2,1,,1,,,30,,240,1,2,3,1,3,1,3,3,1,1
1,1,1,1,2,67,42,25,0,2,2,1,2,,,1,,,18,300,3,,2,1,,1,3,3,1,
1,2,1,,3,21,21,0,0,1,1,1,2,,1,,,,,300,,,3,2,2,1,1,1,1,1
1,1,2,1,3,36,15,0,21,0,1,1,2,,1,,,,15,350,2,1,4,2,3,1,1,1,3,1
1,1,2,1,4,13,9,0,4,0,1,1,2,1,,,,,2,350,1,1,3,2,1,1,2,1,1,1
1,1,1,1,3,37,20,17,0,0,1,1,2,,1,,,,,350,2,1,,1,3,1,1,1,1,1
1,1,2,1,5,26,26,0,0,0,1,1,2,,1,,,,,300,1,1,,3,3,3,1,1,2,3
1,1,2,1,3,38,26,0,12,1,1,1,2,,1,,,,,320,2,2,3,3,3,3,1,1,1,3
1,1,2,,2,27,27,0,0,1,1,1,2,,,1,,,,305,,,5,3,,3,1,2,1,3
1,1,2,1,3,28,25,3,0,0,1,1,2,,1,,,,,150,2,1,1,1,3,1,1,1,3,3
1,1,1,1,3,23,14,0,9,1,1,1,2,,1,,,,,165,2,1,1,1,3,1,1,1,3,3
1,2,2,1,2,51,29,22,0,1,1,1,2,,,,1,,21,200,5,5,3,1,2,1,1,1,1,1
1,1,1,1,3,47,26,12,9,0,1,1,2,,1,,,,,150,,,2,2,3,2,2,1,1,2
1,1,1,1,3,32,27,0,5,0,1,1,2,,1,,,,2,120,,,1,1,2,2,1,1,1,2
1,1,1,1,3,37,31,0,6,0,1,1,2,,1,,,,,120,,,1,2,1,2,1,1,1,1
1,1,1,3,2,73,33,25,15,3,2,1,2,,,1,,,,230,3,1,1,1,3,1,2,1,3,3
1,1,1,2,3,36,21,5,10,1,1,1,2,,1,,,,,300,2,4,3,1,1,2,3,1,1,3
1,1,1,1,2,57,37,0,20,2,2,1,1,,,,1,,,365,4,1,2,1,2,3,3,1,1,1
1,1,2,2,1,120,53,25,42,1,1,1,2,,,,1,,,60,,5,1,,,,,,,
1,1,2,1,3,33,23,0,10,1,1,1,,,1,,,,,60,,,,,,,,,,
1,1,1,1,3,41,26,0,15,1,1,2,2,,1,,,6,,60,5,3,1,1,3,1,1,1,1,1
1,1,2,1,3,27,26,0,1,1,1,1,,,1,,,,18,60,,,,,,,,,1,
1,1,2,1,4,31,25,0,6,0,1,1,1,,1,,,,,260,1,1,1,1,1,2,1,1,1,1
1,1,2,1,5,53,53,0,0,1,1,1,1,,1,,,,,270,1,2,1,1,1,1,3,1,1,3
1,1,2,1,5,21,21,0,0,0,1,1,1,,1,,,,,260,1,1,5,3,2,3,1,1,1,1
1,1,2,1,5,24,24,0,0,0,1,1,,,1,,,,,270,,,,,,,,,,
1,1,2,1,4,18,18,0,0,0,1,1,1,,1,,,,5,270,1,1,1,1,1,3,1,1,1,1
1,1,2,1,5,28,28,0,0,0,1,1,1,,1,,,,,270,1,1,2,1,1,1,1,1,1,1
1,1,2,1,4,25,25,0,0,1,1,1,1,,1,,,,,270,1,1,1,1,1,1,1,1,1,1
1,1,2,1,5,24,24,0,0,0,1,1,1,1,,,,,6,260,1,1,1,1,1,3,1,1,1,3
1,1,2,1,4,22,18,0,4,0,1,1,,,1,,,,,,,,,,,,,,,
1,1,2,1,5,27,23,4,0,0,1,1,2,1,,,,,,180,,,3,,,,,,,
1,1,2,1,4,18,13,0,5,1,1,2,2,,1,,,10,,180,4,5,4,1,1,1,2,1,1,1
1,1,2,1,4,23,23,0,0,0,1,1,1,,1,,,,,100,5,4,1,1,1,1,1,1,1,1
1,1,1,3,2,51,33,18,0,2,2,2,2,,,,1,7,,500,1,1,1,3,1,1,,1,1,1
1,1,2,1,4,23,20,0,3,0,1,2,,1,,,,6,,180,5,5,1,1,1,1,1,1,1,1
1,1,2,1,4,21,21,0,0,0,1,2,1,1,,,,50,,180,5,5,1,1,1,1,1,1,1,1
1,1,1,3,2,78,34,28,16,2,2,1,2,,,1,,,50,147,1,2,1,1,3,1,1,1,1,1
1,1,1,1,5,27,24,3,0,2,2,1,1,1,,,,,4,218,1,3,4,1,2,1,1,2,1,1
1,1,1,3,2,78,37,21,20,2,2,2,,,,,1,10,,,,,1,1,2,2,2,2,2,2
1,1,2,1,3,41,41,0,0,2,2,1,1,1,,,,,,240,,2,3,3,3,1,3,,3,1
1,1,2,1,4,7,7,0,0,0,1,1,1,1,,,,,,180,1,1,2,1,1,1,1,1,1,1
1,1,2,1,4,23,18,0,5,0,1,1,1,,1,,,,,180,1,1,2,1,1,1,1,1,1,1
1,1,2,1,3,40,25,0,15,2,2,1,2,1,,,,,,210,3,1,3,1,1,1,1,1,1,1
1,1,2,1,4,18,18,0,0,0,1,2,1,1,,,,5,,210,3,1,2,1,1,1,1,1,1,1
1,1,2,3,3,54,20,16,18,1,1,1,2,1,,,,,,,2,,3,2,3,2,3,1,1,3
1,1,2,1,5,33,26,0,7,0,1,2,1,1,,,,5,,,,,2,2,3,2,3,1,3,2
1,1,2,,4,24,18,0,6,0,1,2,2,1,,,,10,,,2,,3,2,3,2,3,1,3,2
1,2,2,1,4,22,17,0,5,0,1,1,1,1,,,,,,,2,,3,2,3,2,3,1,3,2
1,1,2,1,2,58,17,20,21,0,1,1,1,,,,1,,80,155,2,1,2,1,3,1,2,1,1,2
1,1,1,3,5,30,22,9,-1,0,1,1,2,1,,,,,,150,2,1,3,1,3,1,2,1,2,2
1,1,2,1,5,36,28,0,8,0,1,1,1,1,,,,,,150,2,1,4,3,3,1,2,1,2,2
1,1,2,1,3,41,31,0,10,0,1,1,2,,1,,,,,160,2,1,3,3,3,1,3,1,2,2
1,1,1,1,1,116,81,36,-1,3,2,1,2,,,,1,,,90,1,1,3,1,3,1,2,1,2,2
1,1,2,1,2,58,43,0,15,1,1,1,1,,,1,,,,130,2,1,3,3,3,1,2,1,2,2
1,1,1,1,2,70,60,0,10,2,2,1,2,,,,1,,,200,2,1,2,1,3,1,1,1,2,2
1,1,1,3,3,43,23,0,20,1,1,1,2,,1,,,,,200,2,1,3,1,3,1,1,1,2,2
1,2,2,,4,29,29,0,0,0,1,1,1,1,,,,,,180,1,1,2,1,1,1,1,1,1,1
1,1,1,1,3,39,27,0,12,1,1,2,2,1,,,,6,20,200,2,1,3,1,3,1,3,1,2,2
1,1,2,1,4,16,7,1,8,0,1,1,1,1,,,,,,180,5,5,1,1,1,1,1,1,1,1
1,1,1,1,2,75,53,0,22,2,2,1,1,,,,1,,16,300,,,1,1,2,1,1,1,1,1
1,1,1,1,3,35,19,0,16,1,1,1,1,,1,,,,6,300,,,1,1,2,1,1,1,1,1
1,1,1,1,3,43,43,0,0,1,1,1,1,,,1,,,15,300,,,2,1,,1,1,1,1,
1,1,2,1,3,35,20,15,0,1,1,1,2,,1,,,,80,180,,,1,1,1,1,2,1,3,3
1,1,2,1,2,43,38,5,0,1,1,1,1,,,,1,,,180,3,3,1,1,1,1,1,1,`,2
1,1,2,1,5,33,28,5,0,0,1,2,2,1,,,,10,,200,1,2,2,2,3,2,1,1,1,1
1,1,2,1,4,44,32,0,12,0,1,1,1,1,,,,,,210,2,,1,1,1,1,1,1,1,1
1,1,2,1,3,23,18,0,5,0,1,2,2,,1,,,3,,365,,5,3,3,3,3,3,3,3,3
1,1,2,1,4,22,9,3,10,0,1,1,2,1,,,,,,180,3,2,2,1,2,1,1,1,1,1
1,1,2,1,3,32,26,6,0,0,1,1,2,1,,,,,,210,3,,3,1,1,1,1,1,1,1
1,1,1,1,3,30,30,0,0,0,1,1,1,,1,,,,4,300,,,1,1,2,1,1,1,1,1
1,1,1,1,5,36,27,0,9,0,1,1,,,1,,,,4,300,,,,1,2,1,1,1,1,1
1,1,2,1,5,33,28,0,5,0,1,1,1,,1,,,,,270,,1,3,3,3,3,3,3,3,3
1,1,2,,5,20,16,0,4,0,1,2,1,1,,,,5,,270,,,5,3,3,3,3,3,3,3
1,1,2,1,5,19,12,0,7,0,1,1,1,1,,,,,,270,,,2,3,3,3,3,3,3,3
1,1,2,1,3,35,30,5,0,1,1,2,2,,1,,,25,,365,,,2,3,3,3,3,3,3,3
1,1,2,,3,34,31,0,3,0,1,1,2,1,,,,,,300,3,1,4,2,2,2,1,1,1,1
1,2,1,2,3,40,30,0,10,2,2,1,2,,,1,,,,30,,4,3,3,3,3,3,3,3,3
1,1,2,1,3,32,32,0,0,0,1,1,1,1,,,,,,60,2,2,2,1,1,2,1,1,2,1
1,2,2,1,5,21,19,0,2,0,1,1,1,1,,,,,,180,2,1,3,1,1,1,1,1,1,1
1,1,2,1,5,21,21,0,0,0,1,1,2,1,,,,,,180,3,1,2,1,1,1,1,1,1,1
1,1,1,1,1,138,45,48,45,3,2,1,2,,,,1,,13,300,,,2,1,3,1,3,3,3,2
1,1,2,1,3,33,20,0,13,0,1,1,2,,1,,,,,310,3,5,1,3,3,3,2,1,2,3
1,1,2,1,2,67,46,21,0,2,2,1,2,,,1,,,17,300,4,2,4,1,2,2,2,2,1,1
1,1,2,1,1,124,57,15,52,2,2,2,,,,,1,10,28,190,5,5,1,1,1,1,1,1,1,1
1,1,2,1,3,38,33,5,0,0,1,1,,,1,,,,4,180,5,5,1,1,1,1,1,1,1,1
1,1,2,2,5,21,7,14,0,0,1,1,2,1,,,,,,,,,2,,,,,,,
1,2,2,1,5,20,11,5,4,3,2,1,2,1,,,,,,95,,,2,,,,,,,
1,1,2,1,3,37,28,9,0,0,1,2,2,,1,,,11,,63,,,2,,,,,,,
1,1,2,1,5,32,23,0,9,0,1,2,2,1,,,,10,,240,3,2,1,1,2,1,1,1,1,1
1,1,2,1,3,44,24,20,0,0,1,2,2,,1,,,24,5000,240,3,2,1,1,2,1,1,1,1,1
1,1,2,1,5,28,20,0,8,0,1,1,2,1,,,,,,240,3,5,1,1,2,1,1,1,1,1
1,1,2,1,5,15,8,0,7,0,1,1,2,1,,,,,,360,2,2,2,,,,,,,
1,2,2,,5,14,11,3,0,0,1,1,2,1,,,,,,,4,3,,,,,,,,
1,2,2,,3,25,20,5,0,0,1,2,,,1,,,5,,,,,,,,,,,,
1,1,2,1,5,27,19,8,0,0,1,1,2,1,,,,,,280,4,3,1,1,2,1,1,1,1,1
1,2,2,1,3,20,20,0,0,0,1,1,2,,1,,,,,280,4,3,2,,,,,,,
1,1,2,,1,104,49,0,55,3,2,1,2,,,,1,,,360,2,2,2,,,,,,,
1,2,1,1,3,31,26,0,5,1,1,1,1,,1,,,,,180,2,3,1,1,1,1,1,1,1,1
1,1,1,1,3,35,27,8,0,1,1,1,1,,,1,,,,180,2,2,1,1,1,1,1,1,1,1
1,1,1,1,3,43,38,5,0,0,1,1,1,,1,,,,,180,2,2,1,1,1,1,1,1,1,1
1,2,1,1,3,40,35,0,5,0,1,2,1,,1,,,10,,180,2,2,1,1,1,1,1,1,1,1
1,1,1,2,3,33,13,20,0,1,1,1,2,,1,,,,,,5,3,2,2,1,3,1,1,3,1
1,2,1,1,4,20,20,0,0,0,1,1,1,,1,,,,,,5,2,3,2,3,,1,1,3,3
1,1,2,3,2,35,22,0,13,2,2,1,1,,,1,,,,,1,1,4,,,1,,,2,
1,2,1,2,3,27,22,0,5,0,1,1,2,,1,,,,5,,5,2,2,2,3,2,1,1,2,2
1,2,2,1,3,22,22,0,0,0,1,1,,,1,,,,,330,,,,1,1,1,,,2,1
1,2,2,1,3,40,23,6,11,0,1,1,2,,1,,,,,,,,1,1,2,1,2,2,1,1
1,1,2,1,3,35,35,0,0,0,1,2,1,,1,,,20,,300,4,4,2,2,1,1,1,1,2,1
5,2,2,3,3,42,34,8,0,0,1,1,,,,1,,,26,,,,5,1,1,1,,,,
5,1,2,1,3,32,32,0,0,0,1,1,1,,1,,,,,180,2,2,1,1,1,1,1,1,1,1
5,1,2,1,3,50,40,10,0,0,1,1,1,,1,,,,,,2,2,1,1,1,1,1,1,1,1
5,1,2,1,5,20,17,0,3,0,1,1,1,1,,,,,,200,,,3,,,,,,,
5,2,1,1,3,44,33,11,0,0,1,1,2,,1,,,,,180,4,2,1,1,1,1,1,1,1,1
5,1,2,1,4,22,19,3,0,0,1,1,1,1,,,,,,20,,,3,,,,,,,
5,2,2,1,5,9,3,0,6,0,1,1,1,1,,,,,,,,,3,,,,,,,
5,1,2,1,5,18,12,0,6,0,1,1,1,1,,,,,,,,,3,,,,,,,
5,1,2,1,5,22,12,0,10,0,1,1,1,1,,,,,,180,,,3,,,,,,,
5,2,1,2,3,45,30,0,15,1,1,1,2,,1,,,,15,365,4,3,2,3,2,3,1,1,3,3
5,1,2,2,3,39,24,0,15,0,1,1,2,,1,,,,10,,2,2,2,3,3,3,3,1,1,2
5,1,1,1,5,26,26,0,0,0,1,1,1,,1,,,,,,4,2,2,1,1,2,2,1,2,3
5,1,1,2,2,54,0,40,14,2,2,1,2,,,,1,,20,,5,2,2,2,2,2,1,1,2,3
5,2,1,3,1,133,20,88,25,1,1,1,2,,,,1,,30,,3,3,2,2,3,2,1,1,2,2
5,1,2,1,5,16,10,0,6,0,1,1,2,1,,,,,,,2,1,2,1,3,2,3,1,1,2
5,2,2,1,3,27,12,0,15,0,1,1,2,,1,,,,,,5,4,2,2,3,3,1,1,3,1
5,1,2,1,3,45,33,0,12,0,1,2,1,,1,,,9,,180,2,2,1,1,2,1,1,1,1,1
5,1,2,1,3,50,36,8,6,0,1,1,,,1,,,,,,,,1,1,1,,,,,2
5,1,1,1,2,63,38,15,10,2,2,1,1,,,,1,,,180,2,3,1,1,1,1,1,1,1,1
5,1,2,1,3,50,30,20,0,0,1,1,1,,,,1,,10,,2,1,2,3,2,3,3,1,3,3
5,1,2,2,3,25,23,0,2,0,1,1,2,,1,,,,10,,4,2,2,2,1,3,1,1,3,3
5,2,1,2,1,105,55,40,10,3,2,2,1,,,,1,10,10,,3,4,2,1,3,2,2,1,3,3
5,2,1,1,4,20,20,0,0,0,1,1,1,,1,,,,,,5,2,2,2,1,3,1,1,2,2
5,2,2,1,4,24,24,0,0,0,1,1,,,1,,,,,300,,,1,,,,,,,
5,1,2,3,3,26,26,0,0,0,1,1,1,,1,,,,,,5,5,,1,2,1,1,1,2,1
5,2,2,1,2,30,15,15,0,2,2,1,2,,,,1,,,,5,5,1,2,2,1,1,1,2,2
5,1,1,1,1,103,53,40,10,3,2,1,2,,,,,,,300,5,5,1,,,,,,,
5,1,2,1,2,54,29,15,10,2,2,1,2,,,1,,,,300,4,5,1,1,2,1,1,1,1,1
5,1,2,2,1,92,45,35,12,2,2,1,,,,,1,,,,,,,3,3,1,1,1,3,3
5,1,1,3,2,43,28,15,0,2,2,1,,,,,1,,2,,,,1,2,3,1,1,1,2,1
5,1,1,3,2,44,31,0,13,1,1,1,,,,1,,,,,,,,1,,1,1,1,1,3
5,2,2,2,3,39,16,15,8,1,1,1,2,,1,,,,10,,3,2,2,1,3,3,2,1,2,3
5,1,2,1,3,22,20,2,0,1,1,1,,,1,,,,,,,,,1,1,,1,1,1,
5,1,2,1,3,28,28,,0,1,1,1,2,,1,,,,,300,5,5,1,,,,,,,
5,1,2,1,2,65,25,15,25,1,1,1,,,,1,,,,,,,,,,,,,,
5,1,2,1,3,45,45,0,0,2,2,1,,,1,,,,,,,,,,1,,,,,1
5,1,2,1,4,24,24,0,0,0,1,,2,1,,,,1,,300,5,4,1,,,,,,,
5,1,2,1,5,32,24,0,8,0,1,1,1,1,,,,,,300,,,4,1,1,,,1,1,1
5,1,2,1,2,45,27,0,18,2,2,1,2,,,,1,,,300,5,2,1,1,2,1,1,1,1,1
5,1,2,1,3,36,31,0,5,0,1,1,2,,1,,,,,300,5,5,1,,,,,,,
5,2,2,1,3,40,0,0,40,0,1,1,1,,1,,,,,,4,2,2,,2,2,1,1,,
5,1,1,1,3,40,5,20,15,1,1,1,2,,,,1,,,,4,1,2,,2,2,1,1,,
5,1,1,2,1,120,0,35,85,3,2,1,2,,,,1,,20,,3,2,2,,,2,2,1,,1
5,1,1,2,2,29,29,0,0,2,2,1,,,,,1,,,,,,,,,,,,,
5,1,1,2,2,37,37,0,0,1,1,1,,,,,1,,,,,,,,,,,,,
5,2,2,3,2,59,33,26,0,2,2,1,,,,1,,,,,,,,,,,,,,
5,1,2,1,5,32,21,3,8,0,1,1,2,1,,,,,,300,5,4,1,,,,,,,
5,1,1,3,3,42,35,0,7,1,1,1,,1,,,,,,,,,,,,1,1,1,1,1
5,1,2,1,3,23,23,0,0,1,1,1,2,1,,,,,,80,2,1,2,1,2,2,1,1,1,2
5,2,2,1,3,21,21,0,0,1,1,1,2,1,,,,,,80,2,1,2,1,2,2,2,2,1,2
3,2,2,1,3,39,39,0,0,0,1,2,1,,1,,,10,,80,1,2,2,,1,2,,,,2
3,2,2,,3,30,30,0,0,0,1,1,1,1,,,,,,40,,,2,1,1,2,1,1,1,2
3,1,2,1,3,33,33,0,0,0,1,1,1,,1,,,,,180,2,2,1,1,1,1,1,1,1,1
3,2,2,1,3,35,30,0,5,0,1,1,1,,,1,,,,180,2,2,1,1,1,1,1,1,1,1
3,1,1,1,3,38,33,5,0,1,1,1,1,,1,,,,,180,2,2,1,1,1,1,1,1,1,1
3,1,2,1,3,40,32,0,8,0,1,1,1,,1,,,,,180,2,2,1,1,1,1,1,1,1,1
3,2,2,2,2,24,0,15,9,1,1,1,,,,1,,,,,,,,,,1,1,1,1,
3,1,1,2,2,69,30,30,9,2,2,1,,,,,1,,,,,,,,,1,1,1,,
3,1,2,3,3,23,23,0,0,1,1,1,,,1,,,,,,,,,,,1,1,1,,1
3,1,2,1,3,40,35,0,5,1,1,1,1,,,1,,,,180,2,2,1,1,1,1,1,1,1,1
3,1,2,1,3,57,47,0,10,1,1,1,1,,1,,,,,180,2,2,1,1,1,1,1,1,1,1
3,2,2,1,3,30,30,0,0,0,1,1,1,,1,,,,,180,2,2,1,1,1,1,1,1,1,1
3,1,2,1,3,29,20,0,9,0,1,1,1,,1,,,,,180,2,3,1,1,2,1,1,1,1,1
3,2,2,1,3,40,30,10,0,0,1,1,1,,1,,,,,180,2,2,1,1,1,1,1,1,1,1
3,2,1,1,3,37,37,0,0,1,1,1,1,,1,,,,,180,2,2,1,1,1,1,1,1,1,1
3,1,1,1,3,40,35,5,0,1,1,1,1,,1,,,,,180,2,2,1,1,1,1,1,1,1,1
3,1,2,1,3,50,34,8,8,1,1,1,1,,1,,,,,180,2,3,1,1,1,1,1,1,1,1
3,1,1,1,3,37,31,6,0,1,1,1,1,,,1,,,,180,2,2,1,1,1,1,1,1,1,1
3,1,2,2,3,26,26,0,0,0,1,1,,1,,,,,,,,,,,,1,1,1,,1
3,1,1,1,3,33,24,9,0,0,1,1,1,,1,,,,,180,2,3,1,1,2,1,1,1,1,1
3,1,1,2,2,70,35,10,25,2,2,1,,,,,1,,,,,,,,,,,,,
3,1,2,3,3,28,28,0,0,0,1,1,,,1,,,,,,3,,,,,,,,,
3,1,1,2,2,55,0,15,40,2,2,2,1,,,1,,20,,,4,2,3,,,2,,1,,
3,2,2,1,3,50,17,13,20,0,1,1,1,,1,,,,,,3,4,2,,,2,1,1,2,
3,1,2,2,3,28,0,7,21,0,1,1,2,,1,,,,10,365,4,3,2,2,2,,1,1,,
3,1,1,2,3,24,0,0,24,0,1,1,2,,1,,,,20,,5,2,3,,2,2,1,1,,2
3,1,1,2,5,22,15,0,7,0,1,2,1,1,,,,10,,,2,1,2,,2,2,1,1,,
3,2,1,1,4,35,35,0,0,0,1,1,1,,1,,,,,,3,1,2,,,2,1,1,2,
3,1,1,2,5,24,0,8,16,0,1,1,2,1,,,,,10,,5,3,2,2,2,2,1,1,,2
3,1,2,1,5,14,0,10,4,0,1,1,1,1,,,,,5,,2,3,2,2,,,1,1,2,
3,1,1,3,3,39,17,14,8,0,1,1,1,,1,,1,,5,,5,2,2,2,,,1,1,,2
3,1,1,,2,48,39,0,9,2,2,1,,,,,1,,,,,,,,,,,,,
3,2,1,1,5,13,13,0,0,2,2,1,2,1,,,,,,,,,4,,,,,,,
3,1,2,1,3,44,19,15,10,1,1,1,1,,1,,,,,180,1,1,1,1,1,1,1,1,2,2
3,1,2,1,3,16,0,10,6,0,1,1,1,,,,1,,,,4,4,2,,,2,1,1,,2
4,1,1,1,5,18,13,5,0,0,1,1,2,1,,,,,,320,,,2,1,1,2,1,1,1,1
4,1,1,1,5,20,18,2,0,0,1,2,2,1,,,,10,,320,3,,2,1,1,1,1,1,1,2
4,1,1,1,5,20,17,3,0,0,1,1,2,1,,,,,,320,,,2,1,2,2,1,1,1,1
4,1,1,1,4,19,17,2,0,0,1,1,,1,,,,,,,,,5,1,1,1,1,1,1,1
4,1,1,3,3,30,25,0,5,0,1,1,2,,1,,,,,345,2,4,4,1,1,1,2,1,1,1
4,1,1,3,3,38,33,3,2,0,1,1,2,,1,,,,,350,2,4,4,2,2,1,2,1,1,1
4,1,1,1,3,40,26,5,9,1,1,1,1,,1,,,,3,210,3,,2,1,3,3,3,2,3,2
4,1,1,1,3,42,36,6,0,0,1,1,2,,1,,,,,300,0,0,2,3,1,1,3,1,1,1
4,1,2,1,2,115,42,28,45,1,1,1,2,,,,1,,5,320,,,3,1,2,3,1,1,2,2
4,1,2,1,2,86,30,30,26,0,1,1,2,,,,1,,,300,,,2,1,,3,1,1,1,1
4,1,2,1,3,40,30,10,0,0,1,1,2,,1,,,,,370,2,1,2,1,3,1,1,1,3,3
4,1,2,1,4,23,23,0,0,1,1,2,1,,1,,,7,,200,5,4,2,3,2,1,1,1,3,3
4,1,1,3,3,32,25,7,0,0,1,1,,,1,,,,,,,,,3,3,1,1,1,3,3
4,1,1,1,4,26,23,3,0,0,1,1,1,,1,,,,,200,3,4,,,,,,,,
4,1,2,1,4,25,20,0,5,0,1,1,1,1,,,,,,200,5,4,5,1,3,1,1,1,1,1
4,1,1,3,3,38,19,0,19,0,1,1,1,,1,,,,,280,3,3,5,1,3,1,1,1,3,3
4,1,2,2,1,180,0,0,180,2,2,1,,,,,1,,,,,,,1,2,1,1,1,3,3
4,1,1,3,3,38,23,15,0,0,1,1,1,,1,,,,,300,3,4,3,1,3,1,1,1,3,3
4,1,1,3,3,45,0,0,45,1,1,1,,,1,,,,,,,,,1,3,1,1,1,1,3
4,1,1,2,2,36,0,36,0,2,2,1,,,,,1,,6,,,,,1,3,1,1,1,3,3
4,1,1,2,3,38,0,38,0,2,2,1,,,,,,,,,,,,1,3,1,1,1,3,3
4,1,1,1,3,43,33,5,5,0,1,1,1,,1,,,,1,180,,,2,1,3,3,1,1,3,3
4,1,1,1,3,39,33,6,0,0,1,1,1,,1,,,,2,180,,,3,1,3,3,3,1,3,3
4,1,2,1,2,67,43,24,0,0,1,1,1,,,1,,,4,240,,,2,1,3,3,1,1,3,3
4,1,1,1,5,19,19,0,0,0,1,1,1,1,,,,,,210,,,1,1,3,3,3,,3,3
4,1,1,1,3,31,22,9,0,0,1,1,1,,1,,,,1,150,,,2,1,3,3,,1,3,3
4,1,2,1,5,17,17,0,0,0,1,1,1,1,,,,,,,,,2,1,3,3,3,1,3,3
4,1,2,1,3,44,29,0,15,1,1,1,,,1,,,,,210,,,,1,3,3,1,1,3,3
4,1,2,1,4,19,19,0,0,0,1,1,1,,1,,,,2,180,,,4,1,3,3,3,1,3,3
4,1,1,1,5,17,17,0,0,0,1,1,1,1,,,,,,210,,,4,1,1,3,2,1,3,3
4,1,1,1,4,24,24,0,0,2,2,1,2,,1,,,,,250,2,2,3,1,1,1,1,1,1,2
4,1,1,1,3,39,34,0,5,0,1,1,2,,1,,,,2,200,3,5,4,2,1,2,1,1,2,3
4,2,1,2,1,120,0,66,54,3,2,1,,,,,1,,25,,,,,1,2,2,1,1,1,1
4,1,1,1,3,44,33,11,0,0,1,2,1,,1,,,30,0,250,1,,4,2,3,1,1,1,1,1
4,1,1,3,3,37,22,0,15,1,1,1,2,,1,,,,6,150,,,3,1,2,1,1,1,1,1
4,1,2,1,3,28,16,0,12,1,1,1,1,,1,,,,30,180,5,3,2,1,1,1,1,1,1,3
4,1,1,3,3,37,28,9,0,1,1,1,2,,1,,,,,365,2,3,3,1,2,1,1,1,1,1
4,1,1,1,4,14,14,0,0,0,1,1,1,,1,,,,,120,5,3,2,1,2,1,1,1,1,2
4,1,2,1,5,30,26,4,0,0,1,1,1,1,,,,,,265,,2,2,1,1,2,1,1,1,2
4,1,2,,5,29,26,0,3,0,1,1,2,,1,,,,,245,,,1,1,1,1,1,1,1,2
4,1,2,1,3,44,39,0,5,0,1,1,,,1,,,,,360,,,,1,1,1,1,1,2,1
4,1,2,1,3,39,30,9,0,0,1,1,1,,1,,,,,200,3,4,3,1,1,1,3,1,2,
4,1,2,1,5,25,18,6,1,0,1,1,,,1,,,,,,,,,1,1,1,1,1,1,1
4,1,2,1,3,43,30,13,0,0,1,2,2,,1,,,7,,360,3,3,5,2,1,1,1,1,1,1
4,1,2,,4,19,15,0,4,0,1,1,,,1,,,,,,,,1,1,2,2,1,1,2,2
4,1,2,1,5,29,24,0,5,0,1,1,1,1,,,,,,,,5,1,1,,,1,1,,2
4,1,2,3,3,48,38,10,0,1,1,1,,,1,,,,1,,,5,1,1,,,,1,,
4,1,2,3,3,39,27,5,7,0,1,1,1,,1,,,,4,90,,,1,1,1,1,1,2,2,2
4,2,2,,,0,0,,0,,,1,,,,,,,,,,,,,,,,,,
4,1,2,1,3,40,40,0,0,0,1,1,2,,1,,,,4,270,3,1,3,1,1,1,1,1,3,1
4,1,2,1,3,20,20,0,0,0,1,2,2,,1,,,7,,302,,,1,1,1,1,1,1,1,2
4,1,2,1,3,51,33,18,0,0,1,2,2,,1,,,86,,,,,5,1,2,2,,1,1,1
4,1,2,1,3,41,31,10,0,0,1,2,2,,1,,,50,,300,,,5,1,2,2,,1,1,1
4,1,2,,3,39,20,10,9,1,1,1,1,,1,,,,20,320,2,1,5,1,1,,,,,
4,1,1,3,3,43,33,10,0,0,1,1,2,,1,,,,30,120,1,1,3,1,3,,3,1,3,3
4,1,1,3,2,61,37,24,0,2,2,1,1,,,1,,,,90,5,3,,1,3,3,1,1,3,3
4,1,1,3,2,30,0,0,30,2,2,1,1,,,1,,,,80,5,4,,1,3,2,1,1,3,3
4,1,1,3,2,75,23,25,27,2,2,1,1,,,1,,,,80,5,3,,1,3,2,1,1,3,3
4,1,1,,2,76,24,19,33,2,2,1,,,,,1,,,,,,,,,,,,,
4,1,1,1,3,37,29,0,8,1,1,1,,,1,,,,,115,,,,,,,,,,
4,1,1,,5,25,23,2,0,0,1,1,2,,1,,,,1,0,2,2,3,1,1,2,1,1,1,2
4,1,1,3,3,35,27,0,8,1,1,2,2,,1,,,10,5,120,2,2,1,1,1,2,1,1,1,2
4,1,1,,3,32,22,0,10,0,1,1,1,,1,,,,,,,,2,1,1,1,1,1,1,3
4,1,1,2,3,33,33,0,0,2,2,1,,,1,,,,,,,,,2,3,2,2,1,,2
4,1,1,,5,28,20,8,0,0,1,1,1,,1,,,,,60,,,3,,,,,,,
4,1,2,3,5,29,24,5,0,0,1,1,1,,1,,,,,90,,,1,1,1,1,1,1,1,1
4,1,1,,5,29,26,0,3,0,1,1,,1,,,,,,300,,,,,,,,,,
4,1,1,1,5,17,17,0,0,0,1,1,,1,,,,,,,,,,,,,,,,
4,1,1,1,3,31,16,15,0,1,1,1,1,,1,,,,,90,3,2,,1,3,1,1,1,3,3
4,1,1,1,3,42,7,10,25,1,1,1,1,,,1,,,,90,4,3,1,1,3,3,1,1,2,3
4,1,1,1,3,32,32,0,0,0,1,1,1,,1,,,,,90,4,3,1,1,3,1,1,1,3,3
4,1,2,1,2,78,20,10,48,0,1,1,1,,,,1,,,90,4,5,1,1,3,3,1,1,2,3
4,1,2,1,3,39,31,8,0,1,1,1,2,,1,,,,,85,1,2,2,1,2,1,1,1,1,2
4,1,2,1,3,37,29,8,0,0,1,2,2,,,1,,8,,90,1,1,2,3,2,3,1,1,3,2
4,1,2,1,5,11,4,7,0,0,1,1,2,1,,,,,,20,1,1,2,3,2,3,1,1,1,2
4,1,2,1,2,74,41,20,13,0,1,1,2,,,1,,,9,22,1,1,2,3,2,3,1,1,1,2
4,1,1,1,3,33,33,0,0,1,1,1,1,,1,,,,,180,,,3,,,,,,,
4,2,2,1,5,27,19,8,0,,,1,,1,,,,,,,,,,,,,,,,
4,1,1,3,2,29,29,0,0,2,2,1,2,,,1,,,,85,5,4,3,1,3,3,1,1,3,3
4,1,1,3,2,46,31,15,0,2,2,1,1,,,1,,,,80,5,4,2,1,3,3,1,1,2,3
4,1,1,3,2,43,38,5,0,2,2,1,1,,,1,,,,90,5,3,,1,3,3,1,1,3,3
4,1,1,3,3,40,25,0,15,1,1,1,2,,1,,,,,120,1,1,2,,,1,1,1,,
4,1,2,1,3,30,19,0,11,1,1,1,,,,1,,,10,200,2,,,1,3,1,1,1,3,1
4,1,2,1,4,25,18,0,7,0,1,1,2,,1,,,,,30,5,,1,1,3,1,1,1,3,1
4,1,2,1,5,33,25,0,8,0,1,1,2,1,,,,,,110,,,3,,1,,1,1,,
4,2,2,1,4,21,16,0,5,0,1,1,1,,1,,,,2,360,4,,2,1,3,1,1,1,3,1
4,1,2,1,4,23,16,2,5,0,1,1,1,1,,,,,,360,,,2,2,2,,,1,2,2
4,1,2,3,5,17,17,0,0,0,1,1,2,1,,,,,,360,,,2,1,2,,,2,2,2
4,1,2,3,4,23,15,2,6,0,1,1,2,,1,,,,,360,,,2,1,2,,,1,2,2
4,1,2,1,5,18,18,0,0,0,1,1,2,1,,,,,,260,,,2,1,2,,,1,2,2
4,1,2,1,4,22,14,5,3,0,1,1,2,,1,,,,2,270,4,3,1,3,3,3,3,1,3,3
4,1,2,1,4,21,16,0,5,0,1,1,2,,1,,,,,270,4,4,1,3,2,3,3,2,3,3
4,1,2,1,4,18,12,0,6,0,1,1,2,,1,,,,,200,5,,3,1,3,1,1,,3,1
4,1,2,,4,24,18,0,6,0,1,1,,,1,,,,,210,,,,,,,,,,
4,1,2,1,4,31,21,2,8,0,1,1,1,1,,,,,,360,,,5,1,1,,,1,2,1
4,1,1,1,5,22,16,0,6,0,1,2,1,1,,,,7,,,,,3,1,1,1,1,1,1,1
4,1,2,1,5,19,14,0,5,0,1,2,2,1,,,,15,,,5,,1,2,3,1,1,1,3,1
4,1,2,1,5,19,14,0,5,0,1,1,2,1,,,,,,250,5,,3,2,3,2,1,1,3,2
4,1,2,1,5,21,16,3,2,0,1,1,2,1,,,,,,300,5,,3,2,2,2,1,1,3,3
4,1,2,1,4,17,17,0,0,0,1,1,2,,1,,,,,200,1,,4,1,1,1,1,1,3,2
4,1,2,1,4,18,16,2,0,0,1,1,1,1,,,,,,270,1,,2,1,2,3,1,1,1,1
4,1,2,1,4,12,12,0,0,0,1,1,2,,1,,,,2,200,5,,2,,,,,,,
4,1,2,1,4,12,12,0,0,0,1,1,2,,1,,,,2,300,,,2,,,,,,,
4,1,2,1,5,21,21,0,0,0,1,1,1,1,,,,,3,90,,,3,1,3,1,1,1,3,1
4,1,2,1,5,20,12,0,8,0,1,1,2,1,,,,,,200,,,2,3,3,1,1,1,1,1
4,1,2,1,5,11,11,0,0,0,1,1,2,1,,,,,3,30,5,,1,1,3,1,1,1,3,1
4,1,2,1,5,18,18,0,0,0,1,1,1,1,,,,,,60,,,3,1,3,1,1,1,3,2
4,1,2,1,5,16,16,0,0,0,1,1,1,1,,,,,,140,,,4,1,1,1,1,1,3,2
4,1,2,1,5,20,20,0,0,0,1,1,1,1,,,,,,140,,,4,1,1,1,1,1,3,2
4,1,2,1,4,27,21,0,6,0,1,1,1,,1,,,,,140,,,4,1,1,1,1,1,3,2
4,2,2,1,4,25,21,0,4,0,1,1,2,,1,,,,,140,,,2,1,1,1,1,1,3,2
4,1,2,1,4,26,23,0,3,0,1,1,1,,1,,,,,140,,,2,1,1,1,1,1,3,2
4,1,2,1,4,22,22,0,0,0,1,1,2,,1,,,,,140,2,,2,1,1,1,1,1,3,2
4,1,2,1,5,24,24,0,0,0,1,1,1,1,,,,,,140,,,1,1,1,1,1,1,3,2
4,1,2,1,4,24,21,0,3,0,1,1,1,,1,,,,,140,,,2,1,1,1,1,1,3,2
4,1,2,1,4,24,24,0,0,0,1,1,2,,1,,,,,140,,,2,1,1,1,1,1,3,2
4,1,2,1,5,20,10,0,10,0,1,1,2,1,,,,,,35,2,1,1,1,1,1,1,1,2,1
4,1,2,1,4,32,27,5,0,0,1,1,2,1,,,,,,100,2,2,1,1,1,1,1,1,2,1
4,1,2,1,5,20,17,0,3,0,1,1,2,1,,,,,,100,2,2,5,1,1,1,1,1,1,1
4,1,2,1,4,23,23,0,0,0,1,1,2,1,,,,,,70,2,2,5,1,1,1,1,1,2,1
4,1,2,1,5,17,12,0,5,0,1,1,2,1,,,,,,20,1,2,4,1,1,1,1,1,2,1
4,1,2,1,4,25,15,0,10,0,1,1,2,1,,,,,,100,2,2,5,1,1,1,1,1,2,1
4,1,2,1,5,16,11,0,5,0,1,1,2,1,,,,,,30,1,1,5,1,1,1,1,1,2,1
4,1,2,1,5,22,17,0,5,0,1,1,1,1,,,,,,100,1,1,2,1,1,1,1,1,2,1
4,2,2,,5,19,15,0,4,0,1,1,2,1,,,,,,130,1,2,5,1,1,1,1,1,2,1
4,1,1,1,4,27,25,0,2,0,1,1,2,,1,,,,,90,1,1,2,1,1,1,1,1,2,1
4,1,2,1,4,24,19,0,5,0,1,1,2,,1,,,,,140,1,2,3,1,1,1,1,1,2,1
4,1,2,1,4,24,14,0,10,0,1,1,2,,1,,,,,140,1,1,2,1,1,1,1,1,1,2
4,1,2,1,4,26,21,0,5,0,1,1,2,,1,,,,,30,2,1,5,1,1,1,1,1,2,1
4,1,2,1,3,40,36,0,4,0,1,1,,,,1,,,,100,,2,,1,1,1,1,1,2,1
4,1,2,1,4,27,22,0,5,0,1,1,2,,1,,,,,,2,2,5,1,1,1,1,1,2,1
4,1,2,1,4,25,25,0,0,0,1,1,2,,1,,,,,60,2,2,5,1,1,1,1,1,2,1
4,1,1,1,4,26,24,0,2,1,1,1,2,,1,,,,,140,1,1,2,1,1,1,1,1,3,1
4,1,1,1,5,23,20,0,3,0,1,1,2,1,,,,,,60,2,2,5,1,1,1,1,1,2,1
4,1,2,1,5,26,19,0,7,0,1,1,2,1,,,,,,80,2,2,5,1,1,1,1,1,2,1
4,1,2,1,4,25,18,7,0,0,1,1,2,,1,,,,,40,2,2,5,1,1,1,1,1,2,1
4,1,2,1,4,26,22,0,4,0,1,2,2,1,,,,15,,200,5,,1,3,3,1,1,1,2,1
4,1,1,3,2,55,20,0,35,2,2,1,1,,,1,,,,150,2,2,3,1,1,1,1,1,1,
4,1,2,1,3,43,32,7,4,0,1,1,2,1,,,,,,100,2,3,3,1,1,1,1,1,1,3
4,2,1,1,5,33,33,0,0,0,1,1,2,,1,,,,,100,2,3,3,1,1,1,1,1,1,3
4,1,2,2,3,38,25,0,13,0,1,1,2,,1,,,,,10,2,3,3,1,1,1,1,1,1,3
4,1,1,1,3,45,40,5,0,1,1,1,2,,1,,,,,100,2,3,3,1,1,1,1,1,1,3
4,1,2,1,3,39,31,0,8,0,1,1,2,,1,,,,,100,2,3,3,1,1,1,1,1,1,3
2,1,2,1,3,30,22,0,8,1,1,1,1,,1,,,,,100,2,3,3,1,1,3,1,1,1,3
2,1,2,1,3,45,26,5,14,0,1,1,1,,1,,,,,100,2,3,3,1,1,1,1,1,1,3
2,1,2,1,3,28,24,0,4,0,1,1,1,,1,,,,,100,2,3,3,1,1,3,1,1,1,3
2,1,2,1,3,35,35,0,0,0,1,1,1,,1,,,,,100,2,3,3,1,1,3,1,1,1,3
2,1,2,1,3,34,26,0,8,0,1,1,2,,1,,,,,100,2,3,3,1,1,3,1,1,1,3
2,1,1,1,3,10,10,0,0,0,1,2,1,,1,,,20,,170,3,1,3,1,,1,1,1,1,1
2,1,2,1,3,24,24,0,0,1,1,1,1,,1,,,,,200,2,2,3,1,,1,1,1,2,1
2,1,2,1,3,35,26,4,5,0,1,1,2,,1,,,,,,3,2,2,2,1,1,1,1,2,1
2,1,2,1,,50,20,0,30,1,1,1,2,,,,,,,200,4,2,2,1,1,1,3,1,1,3
2,1,1,,1,150,17,63,70,2,2,1,1,,,,1,,,250,1,5,3,1,1,1,1,1,1,3
2,1,1,1,3,28,25,3,0,0,1,1,1,,1,,,,,300,3,2,2,1,1,1,1,2,1,1
2,1,2,1,3,38,30,0,8,0,1,2,2,,1,,,8,,300,2,1,2,1,1,2,1,1,1,2
2,1,1,1,4,25,17,0,8,1,1,1,1,1,,,,,,150,2,2,4,1,1,1,1,1,1,1
2,2,2,2,3,36,0,36,0,0,1,1,,,,1,,,20,,,,,1,1,3,1,1,1,1
2,1,2,3,1,150,85,15,50,1,1,1,2,,,,1,,50,300,5,5,4,1,1,2,1,1,1,1
2,1,1,1,5,20,17,0,3,0,1,1,2,1,,,,,,340,4,,4,1,1,1,1,1,1,2
2,2,1,1,5,20,15,0,5,0,1,1,2,1,,,,,,340,4,,,1,1,1,1,1,1,2
2,2,1,1,5,20,16,0,4,0,1,1,2,1,,,,,,320,4,,5,1,1,1,1,1,3,3
2,1,1,1,3,47,47,0,0,0,1,1,2,,1,,,,,300,2,2,3,1,1,1,1,1,1,2
2,1,1,,3,30,0,0,30,0,1,1,,,,1,,,100,345,4,,,2,1,1,1,1,1,1
2,1,2,1,3,38,35,3,0,0,1,1,2,,1,,,,,240,3,3,5,1,3,1,1,1,1,1
3,1,2,3,3,28,28,0,0,0,1,1,1,,1,,,,,100,3,5,1,1,2,1,1,1,3,3
3,1,2,1,4,30,30,0,0,0,1,2,2,,1,,,10,,340,3,2,4,3,,1,1,1,3,3
3,1,2,1,3,32,0,7,25,1,1,2,2,1,,,,20,21,200,1,3,2,1,1,1,1,1,1,1
3,2,1,1,5,23,23,0,0,0,1,2,2,1,,,,10,10,300,1,1,2,2,1,1,1,1,1,1
3,1,2,1,2,80,70,0,10,0,1,1,2,,,1,,,20,335,5,3,2,1,,2,3,1,1,1
3,1,1,1,2,77,30,25,22,2,2,1,2,,,,1,,20,360,3,2,2,1,3,2,3,2,1,1
3,1,1,3,3,25,25,0,0,1,1,1,2,,,,1,,15,340,,1,1,1,3,2,3,2,1,1
3,1,1,1,3,34,26,0,8,0,1,1,2,,1,,,,12,360,3,1,2,1,3,2,3,2,1,1
3,2,1,1,1,99,29,35,35,3,2,1,2,,,,1,,40,350,1,5,1,1,3,3,3,2,1,1
3,2,2,1,2,57,40,0,17,0,1,2,2,,,1,,8,,340,4,2,2,3,3,2,3,1,3,1
3,1,1,3,2,70,35,0,35,2,2,1,2,,,,1,,15,360,3,2,1,1,3,2,3,2,1,1
3,1,2,3,3,51,36,4,11,0,1,1,2,1,,,,,3,150,2,3,3,1,2,3,1,1,1,1
3,1,2,3,2,80,30,0,50,3,2,1,2,,,1,,,2,90,3,3,3,1,2,3,1,1,1,1
3,1,1,3,1,120,120,0,0,2,2,1,2,,,1,,,40,200,2,0,1,1,3,1,1,1,1,1
3,1,2,1,3,24,17,0,7,0,1,1,2,1,,,,,7,300,1,1,2,1,2,1,1,1,1,1
3,1,2,1,1,98,0,18,80,2,2,2,,,,,1,100,15,248,,,4,1,2,1,3,1,1,1
3,2,2,2,3,40,40,0,0,1,1,1,2,,1,,,,20,242,,,4,3,3,3,3,3,3,3
3,1,1,2,2,90,0,0,90,2,2,2,2,,,1,,600,500,,4,5,4,3,1,1,1,1,3,3
3,2,2,1,3,15,15,0,0,0,1,,2,,1,,,0,200,240,1,3,2,1,2,1,1,2,3,3
3,1,2,3,2,80,0,0,80,0,1,2,2,,,1,,500,0,,2,4,,1,3,1,1,1,1,1
3,1,1,3,2,70,0,30,40,1,1,1,2,,,,1,,70,,4,3,5,1,1,1,1,2,3,1
3,1,2,3,1,230,100,70,60,3,2,1,2,,,,1,,,335,5,4,1,1,3,2,1,1,1,1
3,2,2,1,1,270,90,0,180,3,2,1,2,,,,1,,100,300,5,3,1,2,,2,1,1,1,1
3,1,1,1,3,60,60,0,0,1,1,2,1,,1,,,30,25,180,1,3,1,1,1,2,1,1,1,1
3,1,2,1,5,14,14,0,0,0,1,1,1,1,,,,,0,180,1,1,2,1,1,1,3,1,1,1
3,1,2,1,5,21,18,3,0,0,1,1,1,1,,,,,0,180,1,1,2,1,1,1,3,1,1,1
3,1,2,1,5,24,24,0,0,0,1,1,1,1,,,,,,180,1,1,2,1,1,1,3,1,1,1
3,2,2,1,5,24,24,0,0,0,1,1,1,1,,,,,,180,1,1,3,1,1,1,3,1,1,1
3,1,2,1,5,22,22,0,0,0,1,1,1,1,,,,,0,180,1,1,2,1,1,1,3,1,1,1
3,1,2,1,5,15,15,0,0,0,1,1,1,1,,,,,,180,1,1,2,1,1,1,3,1,1,1
3,1,2,1,5,23,23,0,0,0,1,1,1,1,,,,,,180,1,1,2,1,1,1,3,1,1,1
3,1,2,1,5,24,24,0,0,0,1,1,1,1,,,,,,180,1,1,2,1,1,1,1,1,1,1
3,2,2,1,5,18,17,1,0,0,1,1,1,1,,,,,,180,1,1,2,1,1,1,3,1,1,1
3,1,2,1,5,22,22,0,0,0,1,1,1,1,,,,,,180,1,1,2,1,1,1,3,1,1,1
3,1,2,1,5,25,25,0,0,0,1,1,1,,1,,,,,180,2,1,2,,,,,,,
3,1,2,1,5,25,17,3,5,0,1,1,1,1,,,,,12,180,1,1,2,,1,,,,1,1
3,2,2,1,3,37,37,0,0,0,1,1,1,,1,,,,9,180,1,1,2,1,1,1,3,1,1,1
3,1,2,1,3,31,26,5,0,0,1,1,1,1,,,,,6,180,1,1,2,1,1,1,3,1,1,1
3,1,2,1,3,33,25,0,8,0,1,1,1,,1,,,,8,180,1,1,2,1,1,1,3,1,1,1
3,1,2,1,3,36,21,0,15,0,1,1,1,1,,,,,9,180,2,1,2,1,1,1,3,1,1,1
3,1,2,1,3,38,33,5,0,0,1,1,1,,1,,,,8,180,1,1,2,1,1,1,1,1,1,1
3,1,2,1,3,48,33,0,15,0,1,1,1,,1,,,,9,180,1,1,2,1,1,1,1,1,1,1
3,2,2,1,3,38,23,0,15,0,1,1,1,,1,,,,6,180,1,1,2,1,1,1,3,1,1,1
3,2,2,1,3,40,29,11,0,0,1,1,1,1,,,,,7,,2,1,2,1,1,1,3,1,1,1
3,1,2,1,3,37,28,9,0,0,1,1,1,,1,,,,7,180,1,1,2,1,1,1,1,1,1,1
3,2,2,1,3,33,22,0,11,0,1,1,1,1,,,,,4,180,2,1,2,1,1,1,3,1,1,1
3,1,2,,3,37,25,0,12,0,1,1,1,1,,,,,12,180,1,1,2,1,1,1,1,1,1,1
3,2,2,1,3,37,28,0,9,0,1,1,1,1,,,,,6,180,1,1,2,1,1,1,3,1,1,1
3,1,2,1,3,48,48,0,0,0,1,1,1,,1,,,,7,180,2,1,2,1,1,1,3,1,1,1
3,1,2,1,4,26,26,0,0,0,1,1,1,,1,,,,,180,1,1,2,1,1,1,1,1,1,1
3,1,2,1,4,29,29,0,0,0,1,1,1,,1,,,,,180,1,1,2,1,1,1,1,1,1,1
3,1,2,1,5,22,22,0,0,0,1,1,1,1,,,,,,180,1,1,2,1,1,1,1,1,1,1
3,1,2,1,5,20,20,0,0,0,1,1,1,1,,,,,,180,1,1,2,1,1,1,1,1,1,1
3,1,2,1,5,20,18,0,2,0,1,1,1,1,,,,,,180,1,1,2,1,1,1,3,1,1,1
3,2,2,1,5,27,12,0,15,0,1,1,1,1,,,,,,200,3,1,,2,1,1,1,1,2,1
3,1,2,1,4,14,8,0,6,0,1,1,1,,1,,,,,200,3,1,3,1,1,1,1,1,1,1
3,2,2,1,5,13,8,0,5,0,1,1,2,1,,,,,,200,2,3,3,2,3,1,1,1,1,1
3,1,2,2,5,22,16,0,6,0,1,1,2,,1,,,,,250,2,2,4,1,1,1,1,1,1,2
3,1,2,1,2,79,11,20,48,0,1,1,1,,,,1,,11,180,1,1,2,1,1,1,3,1,1,1
3,2,2,,2,52,21,15,16,1,1,1,1,,,,1,,9,180,1,1,2,1,1,1,3,1,1,1
3,1,2,1,2,76,39,31,6,1,1,1,1,,,1,,,19,180,1,1,2,1,1,1,3,1,1,1
3,2,2,1,2,67,25,7,35,1,1,1,1,,,1,,,7,180,1,1,2,1,1,1,3,1,1,1
3,1,2,1,2,57,22,0,35,1,1,1,1,,,1,,,10,180,1,1,2,1,1,1,1,1,1,1
3,1,2,1,2,47,24,15,8,1,1,1,1,,,1,,,16,180,2,1,2,1,1,1,3,1,1,1
3,1,2,1,2,63,31,24,8,1,1,1,1,,,1,,,11,180,1,1,2,1,1,1,1,1,1,1
3,1,2,1,2,68,21,25,22,1,1,1,1,,,1,,,8,180,2,1,2,1,1,1,3,3,1,1
3,1,2,1,2,70,25,10,35,1,1,1,1,,,1,,,11,180,2,1,1,1,1,1,3,1,1,1
3,2,2,1,2,63,30,11,22,1,1,1,1,,,1,,,9,180,1,1,2,1,1,1,1,1,1,1
3,1,2,1,2,74,38,17,19,1,1,1,1,,,1,,,7,180,2,1,2,1,1,1,3,1,1,1
3,1,2,1,4,26,26,0,0,0,1,1,1,,1,,,,,180,1,1,2,1,1,1,1,1,1,1
3,1,2,1,4,24,24,0,0,0,1,1,1,1,,,,,,180,1,1,2,1,1,1,3,1,1,1
3,1,2,1,5,19,17,0,2,0,1,1,1,1,,,,,,180,1,1,2,1,1,1,3,1,1,1
3,1,2,1,5,18,13,0,5,0,1,1,1,1,,,,,,180,2,1,2,1,1,1,3,1,1,1
3,1,2,1,5,21,15,0,6,0,1,1,1,1,,,,,,180,1,1,2,1,1,1,3,1,1,1
3,1,2,1,4,24,20,0,4,0,1,1,1,1,,,,,,180,1,1,2,1,1,1,1,1,1,1
3,2,2,,5,16,16,0,0,0,1,1,1,1,,,,,,180,1,1,2,1,1,1,3,1,1,1
3,1,2,1,3,30,0,0,30,0,1,1,2,,1,,,,,310,4,5,3,1,3,1,1,1,1,1
3,1,1,1,5,19,19,0,0,0,1,2,2,1,,,,7,,300,4,5,2,2,1,1,1,1,1,3
3,1,2,1,4,21,21,0,0,0,1,1,2,1,,,,,,300,4,4,4,1,1,1,1,1,3,2
3,1,2,1,3,30,15,15,0,0,1,1,1,,1,,,,,310,4,5,2,1,3,1,1,1,3,1
3,1,2,1,4,24,24,0,0,0,1,2,2,1,,,,7,,300,4,5,2,1,1,1,1,1,1,2
3,1,1,1,5,19,19,0,0,0,1,1,2,1,,,,,,300,3,5,1,1,1,1,1,1,1,1
3,1,2,1,5,18,18,0,0,0,1,2,2,1,,,,5,,270,4,5,2,1,3,1,1,1,1,2
3,1,2,1,4,24,24,0,0,0,1,2,2,1,,,,10,,300,4,4,4,2,1,1,1,1,2,1
3,1,1,1,5,20,20,0,0,0,1,2,2,1,,,,7,,270,4,5,2,1,2,1,1,1,1,2
3,1,1,1,5,22,22,0,0,0,1,2,1,1,,,,7,,300,3,5,2,1,3,1,1,1,1,2
3,2,1,1,5,19,19,0,0,0,1,2,2,1,,,,7,,300,5,5,2,1,1,1,1,1,2,2
3,1,1,1,5,21,21,0,0,0,1,2,2,1,,,,7,,300,4,5,4,1,2,1,1,1,1,1
3,1,2,1,5,33,25,0,8,0,1,1,2,1,,,,,,120,5,5,3,1,2,1,1,1,2,2
3,1,2,1,4,30,24,0,6,0,1,1,1,1,,,,,,220,5,5,3,1,2,1,1,1,,2
3,1,2,1,4,27,25,2,0,0,1,1,1,1,,,,,,180,5,5,3,1,2,1,1,1,3,2
3,1,2,1,5,22,22,0,0,0,1,1,2,1,,,,,,280,5,5,3,1,2,1,1,1,3,2
3,1,1,1,5,21,21,0,0,0,1,1,1,1,,,,,,150,5,3,4,1,2,1,1,1,,2
3,1,2,,4,26,23,2,1,0,1,1,1,1,,,,,,200,5,5,3,1,1,1,1,1,2,2
3,1,2,1,4,26,26,0,0,0,1,1,2,1,,,,,,180,4,4,3,1,3,1,1,1,3,3
3,1,2,1,5,21,17,0,4,0,1,1,1,1,,,,,,280,3,1,2,1,1,1,1,1,1,3
3,1,2,1,4,27,22,2,3,0,1,1,1,1,,,,,,190,5,5,3,1,2,1,1,1,3,2
3,1,2,1,4,27,23,2,2,0,1,1,2,1,,,,,,180,5,5,3,1,2,1,1,1,3,2
3,1,2,1,5,17,17,0,0,0,1,1,1,1,,,,,,300,1,2,4,3,3,1,1,1,1,2
3,2,2,1,5,23,22,2,-1,0,1,1,1,1,,,,,,300,1,1,2,1,3,1,1,1,3,3
3,1,2,1,5,21,21,0,0,0,1,1,1,1,,,,,,180,1,1,1,3,3,1,1,1,3,2
3,1,2,1,5,20,0,20,0,0,1,1,2,,1,,,,,180,2,2,1,1,2,1,1,1,2,1
3,1,2,1,3,32,32,0,0,0,1,1,2,1,,,,,,320,3,5,1,1,3,1,1,1,3,1
3,1,2,1,3,47,37,10,0,0,1,2,1,,1,,,23,,310,4,5,2,1,3,1,1,1,3,1
3,1,2,1,3,36,28,8,0,0,1,1,1,,1,,,,,310,4,5,2,1,3,1,1,1,1,1
3,1,2,1,3,38,31,7,0,0,1,1,1,,1,,,,,320,3,5,1,1,2,1,1,1,1,1
2,1,1,3,3,25,22,3,0,0,1,1,1,,1,,,,,60,3,1,1,1,1,1,1,1,1,1
2,1,2,1,3,37,0,19,18,0,1,1,1,,1,,,,,320,3,5,1,1,2,1,1,1,1,1
2,1,1,1,3,48,13,15,20,0,1,1,1,,,1,,,,180,1,1,2,,3,1,1,1,3,3
2,1,2,,3,38,5,12,21,0,1,1,2,,1,,,,10,,2,,2,1,3,1,1,1,1,3
2,2,1,,3,39,18,0,21,0,1,1,,,1,,,,,,,,,1,1,1,1,1,1,1
2,2,1,3,3,25,17,0,8,0,1,1,2,,1,,,,,360,1,,3,1,1,2,1,1,2,1
2,1,1,1,3,29,22,0,7,0,1,1,2,,1,,,,5,300,1,1,3,1,2,1,1,1,1,1
2,2,1,1,3,36,21,0,15,0,1,1,2,,1,,,,,,1,1,,1,1,1,1,1,1,1
2,2,1,3,3,38,18,0,20,0,1,1,2,,,1,,,5,180,1,1,1,1,1,1,1,1,1,1
2,1,1,3,2,30,20,0,10,1,1,1,2,,,1,,,,,3,3,2,1,1,1,1,1,1,2
2,1,1,,2,40,10,30,0,2,2,2,2,,,,1,20,20,,3,3,3,1,1,1,1,1,1,1
2,2,1,,,28,22,0,6,0,1,1,2,,,,,,1,60,3,3,3,1,1,1,1,1,1,2
2,1,1,3,1,94,32,22,40,2,2,1,2,,,,1,,,,1,1,3,1,,,1,1,,
2,2,1,3,3,38,23,0,15,0,1,1,,,1,,,,,,,,5,1,,,1,1,,
2,2,1,2,5,14,8,0,6,0,1,2,2,,1,,,4,,360,,,5,1,1,1,1,1,1,1
2,1,1,3,3,42,27,0,15,0,1,1,1,,1,,,,8,160,3,2,1,1,1,1,1,1,1,1
2,1,1,,3,45,30,0,15,0,1,1,2,,1,,,,,,1,1,5,1,2,1,3,3,1,2
2,2,1,,5,19,19,0,0,0,1,1,,,1,,,,,,,,,1,1,1,1,1,1,2
2,2,1,3,3,30,20,0,10,0,1,1,,,,1,,,,,,,5,1,3,1,1,1,1,3
2,2,2,3,3,29,16,0,13,0,1,1,1,,1,,,,10,180,2,1,5,1,3,1,1,1,3,3
2,2,1,3,2,30,0,0,30,1,1,1,2,,,1,,,,120,,,3,1,1,1,1,1,,2
2,2,1,3,3,33,33,0,0,0,1,1,,,1,,,,,,,,5,1,3,1,1,1,1,3
2,2,1,3,5,19,19,0,0,0,1,1,,1,,,,,,,,,3,1,2,1,1,1,1,2
2,2,1,3,3,29,21,0,8,0,1,1,2,,1,,,,4,210,1,1,1,1,3,1,3,1,1,3
2,1,2,,3,21,16,0,5,0,1,1,,,1,,,,,,,,5,1,1,1,1,1,1,1
2,2,1,3,3,37,29,0,8,0,1,1,,1,,,,,,,,,5,1,3,3,1,1,3,3
2,2,1,3,3,30,15,0,15,1,1,1,2,,,,,,,300,,,4,1,1,1,1,1,2,2
2,2,1,3,3,38,26,0,12,1,1,1,,1,,,,,,,,,5,1,3,3,1,1,3,3
2,2,1,3,3,46,27,0,19,1,1,1,2,,,1,,,10,360,1,1,3,1,3,1,1,1,1,1
2,1,1,3,4,21,15,0,6,0,1,1,2,,1,,,,30,360,,2,3,1,1,2,1,1,1,1
2,1,1,,3,52,32,0,20,0,1,2,2,,,1,,7,2,360,1,1,3,1,3,1,1,1,1,1
2,2,1,2,2,25,25,0,0,1,1,1,,,,1,,,30,,,,,1,1,1,3,1,3,3
2,1,1,2,4,27,12,0,15,0,1,1,,,1,,,,,,,,2,1,3,3,1,1,3,3
2,1,1,3,3,38,30,0,8,0,1,1,1,,1,,,,,360,1,5,3,1,2,1,2,1,1,1
2,1,1,1,3,54,30,0,24,0,1,1,2,,,1,,,,360,1,1,3,1,3,1,1,1,1,1
2,1,1,2,2,79,22,22,35,2,2,1,,,,1,,,,,,,5,2,2,1,1,1,2,2
2,2,1,3,2,68,22,18,28,3,2,1,2,,,,1,,,,,,5,3,3,3,3,3,3,3
2,2,1,3,3,34,19,0,15,0,1,1,,,,1,,,,,,,5,1,3,1,1,1,3,3
2,1,1,2,5,32,0,17,15,0,1,1,1,,1,,,,4,100,2,1,2,1,3,3,1,1,3,3
2,1,1,1,3,50,26,0,24,0,1,1,2,,,1,,,15,120,2,1,2,1,1,1,1,1,1,1
2,1,1,3,5,19,19,0,0,0,1,1,,1,,,,,,,,,,1,1,1,1,1,2,1
2,2,1,3,4,14,14,0,0,0,1,1,,,1,,,,,,,,,1,1,1,1,1,2,1
2,1,1,1,3,49,29,0,20,0,1,1,2,,1,,,,8,180,1,1,1,1,3,1,1,1,3,3
2,2,1,1,5,21,20,0,1,0,1,1,2,,1,,,,6,180,1,1,1,1,3,2,1,1,1,3
2,1,1,1,3,50,40,10,0,0,1,1,2,,1,,,,8,180,1,1,1,1,3,1,1,1,3,3
2,1,1,1,3,43,28,0,15,0,1,1,2,,1,,,,6,180,1,1,1,1,3,1,1,1,3,3
2,1,1,1,3,69,54,15,0,1,1,1,2,,,1,,,,300,2,,2,1,3,1,1,1,1,3
2,1,1,1,4,35,30,5,0,0,1,1,1,,1,,,,,,,1,4,1,3,1,1,1,3,3
2,2,1,1,5,9,9,0,0,0,1,1,1,1,,,,,,180,,1,4,1,3,1,1,1,3,3
2,2,1,1,3,35,35,0,0,1,1,1,2,,,1,,,,180,1,1,2,1,3,1,1,1,3,3
2,1,2,1,3,45,35,0,10,1,1,1,,1,,,,,,180,1,1,3,1,3,1,1,1,3,3
2,1,1,2,5,16,0,10,6,0,1,1,,1,,,,,,,,,,1,1,1,1,1,2,1
2,1,1,2,5,12,4,0,8,0,1,1,1,1,,,,,10,200,,,3,1,1,1,1,1,2,2
2,1,1,2,4,12,5,0,7,0,1,1,2,1,,,,,,250,3,,3,1,1,1,1,1,2,2
2,2,1,1,3,32,17,0,15,1,1,1,1,,1,,,,30,200,1,1,1,1,3,,3,1,3,3
2,2,1,1,3,46,28,0,18,0,1,1,1,,1,,,,2,180,1,1,3,1,3,1,1,1,3,3
2,1,1,1,3,40,40,0,0,0,1,1,1,,1,,,,8,180,1,1,2,1,3,1,1,1,3,3
2,1,1,3,4,20,0,0,20,0,1,2,,,1,,,8,,,,,2,2,1,1,1,1,2,2
2,1,1,3,3,35,0,0,35,1,1,1,,1,,,,,,,,,,3,2,2,3,1,1,1
2,1,1,3,3,55,0,20,35,0,1,2,,,,1,,8,,,,,,3,1,2,3,1,1,1
2,1,1,3,3,29,29,0,0,0,1,1,,,,1,,,,,,,,1,1,2,1,1,,1
2,2,1,3,3,17,11,4,2,1,1,1,2,,,1,,,,30,,,3,1,1,2,1,1,1,1
2,2,1,3,3,40,0,15,25,0,1,2,,,1,,,8,,,,,4,1,1,3,1,1,1,2
2,2,1,3,3,40,10,0,30,0,1,1,2,,,1,,,,,,,2,1,1,1,1,1,,
2,1,1,3,3,67,32,0,35,0,1,1,2,,1,,,,,,,,3,1,1,2,1,1,1,
2,2,1,3,3,60,32,0,28,0,1,1,2,,,1,,,,300,,,3,1,1,2,1,1,,
2,1,1,3,3,31,8,3,20,0,1,2,2,,1,,,8,,,,,4,1,1,1,1,1,,
2,2,1,2,3,32,0,5,27,0,1,1,2,1,,,,,,150,4,1,1,1,1,1,1,1,1,1
2,1,1,,4,17,17,0,0,0,1,1,2,,1,,,,5,300,1,1,1,1,3,1,1,1,1,3
2,2,1,3,2,72,16,40,16,3,2,2,2,,,1,,100,,90,1,1,1,1,3,1,,1,1,3
2,1,1,1,3,38,13,0,25,0,1,1,1,,1,,,,7,300,2,1,1,1,3,1,1,1,1,3
2,1,1,3,3,34,19,5,10,0,1,1,1,,1,,,,,200,2,1,1,1,3,1,1,1,1,1
2,1,1,3,3,37,23,0,14,0,1,1,1,,1,,,,,320,1,1,1,1,3,1,1,1,1,1
2,2,1,2,3,33,7,11,15,0,1,1,1,,1,,,,,300,2,3,3,1,1,1,1,1,2,2
2,1,1,,3,27,25,2,0,0,1,1,2,,1,,,,1,200,2,1,5,1,3,1,2,1,1,2
2,1,1,3,4,32,17,15,0,0,1,1,1,,1,,,,,300,1,3,3,1,1,1,1,1,2,2
2,1,1,1,3,34,22,2,10,0,1,1,2,,1,,,,2,200,1,1,5,3,2,1,1,1,3,3
2,1,1,1,3,30,30,0,0,1,1,1,1,1,,,,,5,30,,1,3,1,1,1,1,1,1,2
2,1,1,1,3,29,29,0,0,1,1,1,1,1,,,,,,320,1,1,3,1,1,1,1,1,1,1
2,1,1,1,3,41,31,0,10,1,1,1,1,1,,,,,4,310,2,1,3,1,1,1,1,1,1,1
2,1,1,,5,19,19,0,0,1,1,1,2,,,1,,,30,200,2,1,1,1,1,,1,,1,1
2,1,1,,3,35,23,0,12,1,1,1,1,,,1,,,10,360,2,1,2,1,3,1,1,1,1,3
2,1,1,,3,30,15,15,0,1,1,1,2,,1,,,,,100,1,1,5,2,3,1,1,1,1,1
2,1,2,1,5,8,8,0,0,0,1,1,1,1,,,,,,,5,1,3,,,,,,,
2,2,1,1,5,10,10,0,0,0,1,1,1,1,,,,,,,5,1,3,,,,,,,
2,1,2,1,4,28,28,0,0,0,1,1,1,1,,,,,,,4,1,3,,,,,,,
2,1,2,1,3,30,30,0,0,1,1,1,1,,1,,,,,,5,1,2,,,,,,,
2,1,2,1,4,27,27,0,0,0,1,2,1,1,,,,10,,270,3,1,3,1,1,2,1,1,1,1
2,1,2,1,5,17,13,0,4,0,1,1,1,,1,,,,,270,3,1,3,1,1,2,1,1,1,1
2,1,2,1,5,20,20,0,0,0,1,1,1,,1,,,,,270,4,1,2,1,1,2,1,1,1,1
2,1,2,1,4,16,16,0,0,0,1,2,1,,1,,,10,2,,5,1,3,1,1,2,1,1,1,1
2,1,2,1,4,18,18,0,0,0,1,1,1,,1,,,,,270,5,1,3,1,1,2,1,1,1,1
2,1,2,1,4,14,14,0,0,0,1,1,1,,1,,,,,270,4,1,3,1,1,2,11,1,1,1
2,1,2,1,4,25,25,0,0,0,1,2,1,,1,,,15,,270,4,1,3,1,1,2,1,1,1,1
2,1,2,1,2,45,45,0,0,2,2,1,2,,,1,,,,300,,5,,1,2,1,1,1,1,1
2,1,2,1,3,55,45,0,10,1,1,1,,,1,,,,,,,,1,3,1,,,3,3,
2,2,2,,3,38,23,15,0,1,1,1,1,,1,,,,,,,,4,1,1,2,2,1,1,1
2,1,2,3,2,52,22,0,30,1,1,1,,,,,1,,,,,,2,2,3,1,1,1,3,1
2,2,2,3,2,50,20,30,0,1,1,2,2,,,,1,10,10,,5,2,,2,2,2,1,1,3,3
2,1,2,2,3,35,20,15,0,,,1,2,,1,,,,,,4,4,2,2,2,2,2,3,2,3
2,2,2,1,3,60,0,60,0,,,1,1,,1,,,,20,,5,2,2,2,3,2,1,1,2,3
2,2,2,1,3,60,30,30,0,,,1,2,,1,,,,20,,2,2,2,2,3,2,1,1,2,3
2,1,2,1,3,47,17,30,0,,,1,,,1,,,,,340,,,2,1,2,1,,,,
2,1,2,1,3,30,30,0,0,,,2,1,,1,,,20,,,5,5,,2,2,2,1,1,2,2
2,1,2,1,2,70,0,70,0,2,2,1,,,,,1,,,,,,2,2,1,1,,,,
2,2,2,1,3,40,12,0,28,,,2,,,1,,,10,,210,,,,,1,,1,,1,
2,1,2,1,5,3,3,0,0,,,1,1,1,,,,,,180,,,1,,,,,,,
2,1,2,1,5,4,4,0,0,,,1,1,1,,,,,,180,,,3,,,,,,,
2,1,2,1,5,11,11,0,0,,,1,1,1,,,,,,180,,,4,,,,,,,
2,2,2,1,5,16,16,0,0,,,1,1,1,,,,,,180,,,3,,,,,,,
2,1,2,2,3,30,20,5,5,,,1,2,,1,,,,30,,2,4,3,1,2,1,1,1,1,1
2,1,2,1,5,19,19,0,0,,,1,1,,1,,,,,200,,,2,,,,,,,
2,1,2,1,2,100,60,20,20,,,2,2,,,,1,20,,100,4,3,3,1,3,1,1,1,3,1
2,2,2,1,2,100,60,20,20,1,1,2,2,,,,1,20,40,100,4,3,1,1,3,1,1,1,3,1
2,1,1,2,1,150,70,10,70,3,2,1,2,,,,1,,50,100,4,3,1,1,1,2,1,1,2,2
2,1,1,3,1,150,50,50,50,,,1,2,,,1,,,30,150,3,3,1,1,2,1,1,1,1,1
2,1,1,2,3,30,25,5,0,,,1,2,,,1,,,20,,2,4,1,1,3,1,1,1,1,1
2,1,1,2,2,70,50,0,20,2,2,1,2,,,,1,,80,120,2,3,2,1,1,1,1,1,2,2
2,1,2,2,3,30,25,5,0,,,1,2,,,1,,,20,,2,4,1,1,3,2,1,1,1,1
2,2,2,2,3,43,13,30,0,,,1,2,,,1,,,110,200,4,5,2,1,1,1,1,1,3,3
2,1,2,2,3,35,25,5,5,,,1,2,,1,,,,15,,2,4,2,2,1,1,1,1,2,3
2,2,2,,3,38,23,0,15,,,1,2,1,,,,,,,,,2,1,2,2,1,1,1,1
2,1,2,1,3,35,25,10,0,,,1,2,,,1,,,,,4,4,2,1,2,2,1,1,1,1
5,1,2,1,5,23,23,0,0,0,1,1,2,1,,,,,3,200,,,4,1,2,2,1,1,1,1
5,1,2,1,4,28,28,0,0,0,1,1,,,1,,,,,,,,,,,,,,,
5,1,1,1,3,29,21,8,0,0,1,1,,,1,,,,,300,,,,,,,,,,
5,2,1,1,5,11,11,0,0,0,1,1,2,1,,,,,,365,3,2,4,1,1,1,1,1,,2
5,1,1,3,2,79,24,0,55,1,1,1,2,,,,1,,4,180,3,,4,1,1,1,1,1,3,3
5,1,1,1,2,80,20,0,60,0,1,1,2,,,1,,,15,200,4,4,4,2,2,1,1,1,2,1
5,1,1,1,3,35,25,0,10,0,1,1,2,,,1,,,,300,4,3,2,1,2,1,2,1,1,1
5,1,1,1,4,23,23,0,0,0,1,1,1,,1,,,,,250,4,5,3,2,2,1,1,2,1,2
5,1,1,1,4,25,20,5,0,0,1,1,2,,1,,,,4,280,3,3,3,2,1,2,2,2,1,1
5,1,1,1,3,43,22,13,8,1,1,1,1,,,1,,,20,270,3,3,2,1,1,1,1,1,1,2
5,1,1,1,3,31,26,5,0,1,1,1,1,,1,,,,10,260,3,1,2,1,1,1,1,1,2,2
5,1,1,1,3,45,35,0,10,1,1,1,1,,1,,,,,280,2,2,2,2,2,1,2,1,1,2
5,1,1,1,3,25,10,10,5,1,1,1,1,,1,,,,15,280,3,1,4,1,1,2,1,1,1,2
5,1,1,1,3,46,26,0,20,0,1,1,2,,1,,,,10,300,3,3,2,1,1,2,2,1,2,1
5,2,1,1,3,31,21,0,10,0,1,1,2,,1,,,,,365,5,2,3,1,1,1,1,1,1,2
5,1,1,1,3,41,10,,31,1,1,1,2,,1,,,,,350,2,1,2,1,1,1,1,1,3,3
5,1,1,,1,560,340,100,120,3,2,1,2,,,,1,,50,300,4,2,1,2,2,2,1,1,1,1
5,1,1,3,3,61,36,0,25,0,1,1,2,,,1,,,32,250,3,5,2,3,3,1,1,1,1,1
5,1,1,1,3,37,23,14,0,1,1,1,2,,,1,,,8,320,2,5,3,2,1,1,1,3,1,1
5,1,1,3,2,27,14,0,13,2,2,1,2,,,1,,,11,200,2,1,4,1,3,1,1,1,1,1
5,2,1,1,4,15,10,0,5,0,1,1,1,1,,,,,4,300,,,2,3,1,1,1,1,3,3
5,1,1,1,5,15,15,0,0,0,1,1,2,1,,,,,,180,4,4,4,2,1,2,1,1,1,3
5,1,1,1,5,11,11,0,0,0,1,1,1,1,,,,,1,291,2,3,3,3,1,1,1,1,1,2
5,1,1,1,5,21,16,0,5,0,1,1,1,1,,,,,3,300,2,5,2,1,3,1,1,1,1,3
5,1,1,1,2,80,40,0,40,1,1,2,2,,,1,,30,,,2,3,5,1,2,1,1,1,3,3
5,1,1,1,2,68,33,35,0,2,2,1,2,,,1,,,36,300,4,2,4,1,2,1,1,1,1,2
5,1,1,2,3,80,35,45,0,0,1,1,,,1,,,,10,,,,,1,1,1,1,1,1,2
5,1,1,3,4,33,15,0,18,0,1,1,2,,1,,,,11,280,5,5,2,3,3,1,1,1,1,2
5,1,1,1,4,19,13,6,0,0,1,2,1,1,,,,25,,90,2,1,3,,,,,,,
5,1,2,1,4,18,18,,0,0,1,2,2,,1,,,36,,195,5,4,2,3,3,1,1,1,1,3
5,1,2,1,3,31,13,0,18,0,1,1,2,,1,,,,,180,4,4,4,3,3,1,1,1,3,3
5,1,2,1,5,21,21,0,0,0,1,1,1,1,,,,,,200,4,3,2,,3,1,1,1,1,3
5,1,2,1,4,33,33,0,0,0,1,1,2,,1,,,,,190,4,3,2,3,2,1,1,1,3,3
5,1,2,1,5,29,29,0,0,0,1,2,1,,1,,,20,,240,1,1,3,1,3,2,1,1,1,1
5,1,2,1,5,20,20,0,0,0,1,1,1,1,,,,,,240,1,1,3,3,3,3,1,1,1,1
5,1,2,1,5,12,12,0,0,0,1,1,1,1,,,,,,240,1,1,3,1,1,1,1,1,1,1
5,1,1,1,5,15,9,0,6,0,1,2,1,1,,,,10,,230,4,3,2,2,3,1,1,1,1,1
5,1,1,1,4,8,8,0,0,0,1,1,1,1,,,,,,200,4,3,3,3,3,1,3,1,3,3
5,2,2,1,4,20,20,0,0,1,1,2,1,1,,,,10,,190,3,3,3,,,1,1,1,1,
5,1,2,1,4,23,16,0,7,0,1,1,2,,1,,,,,200,4,3,2,2,3,1,1,1,3,3
5,1,1,1,5,33,16,0,17,0,1,2,1,,1,,,26,,150,3,3,2,1,3,1,1,1,3,1
5,1,1,,5,15,15,0,0,0,1,1,2,1,,,,,,300,1,2,2,,,,,,,
5,1,1,1,3,50,34,16,0,0,1,1,2,,1,,,,86,180,4,2,2,1,2,1,1,1,1,1
5,2,1,1,3,27,6,7,14,0,1,2,2,,,1,,5,12,300,1,1,4,2,2,2,2,3,1,2
5,2,1,1,5,12,12,0,0,0,1,2,1,1,,,,10,,300,,,2,1,1,2,1,1,1,2
5,1,1,1,3,73,73,0,0,0,1,1,2,,1,,,,50,200,3,2,1,1,3,3,3,1,1,1
5,1,1,1,1,80,0,0,80,2,2,1,2,,,,1,,130,205,3,5,5,1,3,3,3,1,1,1
5,1,1,1,1,90,40,50,0,2,2,1,2,,,,1,,60,270,1,2,5,2,2,1,1,1,1,2
5,1,1,2,2,92,92,0,0,2,2,1,,,,1,,,70,365,,,,2,2,1,1,1,1,2
5,1,1,2,4,25,17,0,8,1,1,1,1,1,,,,,10,60,,,3,1,1,3,1,1,1,2
5,1,1,1,3,75,40,35,0,0,1,1,2,,,1,,,7,340,1,1,3,1,1,1,1,1,1,2
5,1,1,1,3,45,20,0,25,0,1,1,1,,1,,,,,280,2,1,3,1,1,1,1,1,3,1
5,1,1,1,3,50,20,0,30,0,1,1,1,,1,,,,,300,1,1,2,2,3,3,2,2,2,2
5,1,1,1,4,23,15,0,8,0,1,1,2,1,,,,,,270,1,2,2,2,3,1,2,2,3,2
5,1,1,1,5,8,8,0,0,0,1,1,2,1,,,,,,200,3,2,3,1,1,1,1,1,1,2
5,2,1,3,3,36,12,0,24,0,1,1,2,,1,,,,,100,1,1,3,2,3,3,2,2,3,2
5,1,1,1,1,95,45,50,0,2,2,1,1,,,,1,,,300,1,1,1,3,2,2,1,2,2,3
5,1,1,1,4,19,19,0,0,0,1,1,1,,1,,,,,,1,1,4,3,3,3,3,1,2,3
5,1,1,1,4,10,10,0,0,0,1,1,1,1,,,,,,340,1,1,,3,2,3,2,,3,1
5,1,1,1,4,25,25,0,0,0,1,1,1,,1,,,,,300,1,1,3,3,3,1,1,3,3,1
5,1,1,1,3,26,9,7,10,0,1,1,2,,,1,,,,310,1,1,3,2,3,3,2,3,2,3
5,1,1,1,3,15,15,0,0,0,1,1,1,,1,,,,,300,1,1,2,2,3,3,3,2,3,3
5,1,1,1,4,18,18,0,0,0,1,1,2,,1,,,,,315,1,4,2,1,3,3,2,2,2,2
5,1,1,1,4,20,20,0,0,0,1,1,1,,1,,,,,280,1,1,1,1,3,3,2,1,1,1
5,1,1,2,3,33,13,0,20,0,1,1,1,,1,,,,,230,1,1,3,2,3,1,2,1,3,2
5,1,1,1,3,17,17,0,0,0,1,1,1,1,,,,,,300,1,1,3,3,3,2,2,2,3,2
5,1,1,1,3,26,26,0,0,0,1,1,1,,1,,,,,320,1,1,2,2,3,1,3,1,3,2
5,1,1,1,2,35,35,0,0,1,1,1,1,,,,,,,300,1,1,2,2,3,3,2,2,2,2
5,1,1,1,2,48,35,0,13,1,1,1,1,,,1,,,,280,1,2,2,2,3,2,2,2,2,2
5,1,1,,,0,0,,0,,,1,,,,,,,,,,,,,,,,,,
5,1,1,1,3,25,25,0,0,0,1,1,1,,1,,,,17,60,2,1,3,1,2,2,1,1,1,1
5,1,1,2,3,60,20,30,10,0,1,1,1,,,1,,,,250,1,1,2,1,3,3,2,1,1,1
5,1,1,1,3,60,20,20,20,0,1,1,1,,1,,,,,250,1,1,3,1,1,1,3,1,1,1
5,1,1,1,2,90,35,30,25,1,1,1,2,,,1,,,,100,2,1,2,1,1,1,1,1,3,3
5,1,1,2,1,63,0,23,40,2,2,1,1,,,1,,,,230,1,1,3,1,1,1,1,1,1,1
5,1,1,2,2,75,40,0,35,0,1,1,1,,,,1,,,250,1,1,3,1,3,1,1,1,3,2
5,1,1,1,3,60,20,20,20,0,1,1,2,,1,,,,,280,2,1,3,1,3,1,1,1,1,1
5,1,1,1,2,60,35,0,25,0,1,1,2,,,,1,,,300,2,1,4,3,3,1,2,1,3,2
5,1,1,1,5,26,21,5,0,0,1,1,1,1,,,,,,300,1,1,2,1,2,1,1,1,3,1
5,1,1,1,5,13,13,0,0,0,1,1,2,,1,,,,,300,2,2,2,1,3,1,1,1,1,1
5,1,1,1,3,26,26,0,0,0,1,1,2,,1,,,,,360,1,2,3,3,3,3,3,3,3,1
5,1,1,1,4,21,21,0,0,0,1,1,1,,1,,,,,300,1,1,4,1,3,1,1,1,1,3
5,1,1,1,4,15,15,0,0,0,1,1,1,,1,,,,,300,1,1,3,1,1,1,1,1,1,1
5,1,1,1,5,17,9,8,0,0,1,1,2,1,,,,,,310,1,2,3,1,3,1,1,1,1,1
5,1,1,1,5,17,6,0,11,0,1,1,2,1,,,,,,,2,1,3,1,2,1,1,1,1,1
5,1,1,1,5,18,7,11,0,0,1,1,1,1,,,,,,300,2,1,3,1,3,1,1,1,1,1
5,1,1,1,5,18,7,11,0,0,1,1,1,1,,,,,,300,2,1,3,1,3,1,1,1,1,1
5,1,1,1,3,27,7,20,0,0,1,1,2,,1,,,,,300,1,2,3,1,3,1,1,1,1,1
5,1,1,1,4,23,20,3,0,0,1,1,2,,1,,,,,300,2,1,4,1,3,1,1,1,1,1
5,1,1,1,4,17,14,3,0,2,2,1,2,,1,,,,,,1,1,4,1,3,1,1,1,1,3
5,1,1,1,3,37,30,4,3,0,1,1,2,,1,,,,,300,1,1,4,1,3,1,1,2,1,2
5,1,1,1,3,39,35,4,0,0,1,1,1,,1,,,,,300,1,1,4,1,3,1,1,1,2,3
5,1,2,1,5,29,8,0,21,0,1,1,2,1,,,,,,200,3,2,3,1,1,1,1,1,1,1
5,1,2,1,5,27,22,0,5,0,1,1,2,1,,,,,,200,2,1,3,2,1,1,1,1,1,1
5,1,2,1,5,13,5,0,8,0,1,1,1,1,,,,,,200,3,1,3,2,1,1,1,1,2,1
5,1,2,1,5,8,14,0,-6,0,1,2,1,1,,,,20,,250,2,1,3,1,1,1,1,1,1,1
5,1,2,1,5,,,,0,0,1,1,,,1,,,,,,,,,,,,,,,